order_item_id,order_id,product_id,quantity,unit_price,discount_amount,line_total,created_at,updated_at
1,1,44,2,10637.28,1063.73,20210.83,2025-10-23 15:33:10+00:00,2025-10-23 15:33:10+00:00
2,1,10,5,827.45,0.00,4137.25,2025-10-23 15:33:10+00:00,2025-10-23 15:33:10+00:00
3,1,16,1,928.58,464.29,464.29,2025-10-23 15:33:10+00:00,2025-10-23 15:33:10+00:00
4,1,37,1,49584.75,0.00,49584.75,2025-10-23 15:33:10+00:00,2025-10-23 15:33:10+00:00
5,1,4,1,2889.39,288.94,2600.45,2025-10-23 15:33:10+00:00,2025-10-23 15:33:10+00:00
6,2,8,3,2222.39,0.00,6667.17,2025-09-28 22:20:43+00:00,2025-09-28 22:20:43+00:00
7,2,37,1,49584.75,2479.24,47105.51,2025-09-28 22:20:43+00:00,2025-09-28 22:20:43+00:00
8,3,49,2,2504.78,0.00,5009.56,2025-08-21 15:40:08+00:00,2025-08-21 15:40:08+00:00
9,3,12,1,417.22,0.00,417.22,2025-08-21 15:40:08+00:00,2025-08-21 15:40:08+00:00
10,4,36,1,15240.96,1524.10,13716.86,2024-09-01 22:03:10+00:00,2024-09-01 22:03:10+00:00
11,4,33,1,77537.1,0.00,77537.10,2024-09-01 22:03:10+00:00,2024-09-01 22:03:10+00:00
12,4,32,5,969.84,484.92,4364.28,2024-09-01 22:03:10+00:00,2024-09-01 22:03:10+00:00
13,4,45,1,43073.65,12922.10,30151.55,2024-09-01 22:03:10+00:00,2024-09-01 22:03:10+00:00
14,5,16,2,928.58,278.57,1578.59,2023-08-14 12:05:28+00:00,2023-08-14 12:05:28+00:00
15,6,30,1,2885.18,0.00,2885.18,2025-11-03 16:51:35+00:00,2025-11-03 16:51:35+00:00
16,6,21,1,10465.2,0.00,10465.20,2025-11-03 16:51:35+00:00,2025-11-03 16:51:35+00:00
17,6,2,1,13121.92,1968.29,11153.63,2025-11-03 16:51:35+00:00,2025-11-03 16:51:35+00:00
18,7,27,1,316.09,0.00,316.09,2025-08-30 16:35:56+00:00,2025-08-30 16:35:56+00:00
19,7,20,1,484.34,96.87,387.47,2025-08-30 16:35:56+00:00,2025-08-30 16:35:56+00:00
20,8,8,2,2222.39,0.00,4444.78,2024-05-30 15:55:06+00:00,2024-05-30 15:55:06+00:00
21,8,34,2,31195.85,3119.59,59272.11,2024-05-30 15:55:06+00:00,2024-05-30 15:55:06+00:00
22,8,47,1,2609.25,521.85,2087.40,2024-05-30 15:55:06+00:00,2024-05-30 15:55:06+00:00
23,8,24,1,993.17,49.66,943.51,2024-05-30 15:55:06+00:00,2024-05-30 15:55:06+00:00
24,8,46,1,3177.35,635.47,2541.88,2024-05-30 15:55:06+00:00,2024-05-30 15:55:06+00:00
25,9,43,3,31654.95,0.00,94964.85,2025-11-04 20:49:15+00:00,2025-11-04 20:49:15+00:00
26,9,47,4,2609.25,1565.55,8871.45,2025-11-04 20:49:15+00:00,2025-11-04 20:49:15+00:00
27,9,8,3,2222.39,0.00,6667.17,2025-11-04 20:49:15+00:00,2025-11-04 20:49:15+00:00
28,10,3,1,27848.38,5569.68,22278.70,2025-12-16 18:42:28+00:00,2025-12-16 18:42:28+00:00
29,10,42,1,29461.25,1473.06,27988.19,2025-12-16 18:42:28+00:00,2025-12-16 18:42:28+00:00
30,10,28,1,267.7,0.00,267.70,2025-12-16 18:42:28+00:00,2025-12-16 18:42:28+00:00
31,10,33,2,77537.1,15507.42,139566.78,2025-12-16 18:42:28+00:00,2025-12-16 18:42:28+00:00
32,11,42,1,29461.25,5892.25,23569.00,2025-12-11 13:48:58+00:00,2025-12-11 13:48:58+00:00
33,11,7,1,2643.9,396.59,2247.31,2025-12-11 13:48:58+00:00,2025-12-11 13:48:58+00:00
34,12,46,1,3177.35,794.34,2383.01,2024-12-12 17:44:24+00:00,2024-12-12 17:44:24+00:00
35,12,4,2,2889.39,0.00,5778.78,2024-12-12 17:44:24+00:00,2024-12-12 17:44:24+00:00
36,12,47,1,2609.25,0.00,2609.25,2024-12-12 17:44:24+00:00,2024-12-12 17:44:24+00:00
37,12,44,2,10637.28,0.00,21274.56,2024-12-12 17:44:24+00:00,2024-12-12 17:44:24+00:00
38,12,24,1,993.17,148.98,844.19,2024-12-12 17:44:24+00:00,2024-12-12 17:44:24+00:00
39,13,47,1,2609.25,652.31,1956.94,2025-12-22 12:43:42+00:00,2025-12-22 12:43:42+00:00
40,13,12,1,417.22,0.00,417.22,2025-12-22 12:43:42+00:00,2025-12-22 12:43:42+00:00
41,13,32,2,969.84,96.98,1842.70,2025-12-22 12:43:42+00:00,2025-12-22 12:43:42+00:00
42,13,42,1,29461.25,8838.38,20622.87,2025-12-22 12:43:42+00:00,2025-12-22 12:43:42+00:00
43,14,27,1,316.09,0.00,316.09,2024-05-03 19:07:58+00:00,2024-05-03 19:07:58+00:00
44,15,13,2,374.63,0.00,749.26,2024-07-06 13:06:23+00:00,2024-07-06 13:06:23+00:00
45,15,42,1,29461.25,4419.19,25042.06,2024-07-06 13:06:23+00:00,2024-07-06 13:06:23+00:00
46,15,1,1,39885.45,11965.64,27919.81,2024-07-06 13:06:23+00:00,2024-07-06 13:06:23+00:00
47,15,14,1,612.29,0.00,612.29,2024-07-06 13:06:23+00:00,2024-07-06 13:06:23+00:00
48,15,7,2,2643.9,264.39,5023.41,2024-07-06 13:06:23+00:00,2024-07-06 13:06:23+00:00
49,15,41,1,38729.35,0.00,38729.35,2024-07-06 13:06:23+00:00,2024-07-06 13:06:23+00:00
50,16,44,1,10637.28,1595.59,9041.69,2024-12-11 08:52:58+00:00,2024-12-11 08:52:58+00:00
51,16,29,1,30.96,0.00,30.96,2024-12-11 08:52:58+00:00,2024-12-11 08:52:58+00:00
52,16,21,1,10465.2,523.26,9941.94,2024-12-11 08:52:58+00:00,2024-12-11 08:52:58+00:00
53,17,41,3,38729.35,5809.40,110378.65,2024-07-13 12:30:03+00:00,2024-07-13 12:30:03+00:00
54,17,39,2,52470.6,31482.36,73458.84,2024-07-13 12:30:03+00:00,2024-07-13 12:30:03+00:00
55,17,48,1,1837.88,91.89,1745.99,2024-07-13 12:30:03+00:00,2024-07-13 12:30:03+00:00
56,17,13,1,374.63,0.00,374.63,2024-07-13 12:30:03+00:00,2024-07-13 12:30:03+00:00
57,17,21,1,10465.2,1046.52,9418.68,2024-07-13 12:30:03+00:00,2024-07-13 12:30:03+00:00
58,17,31,1,6262.08,1252.42,5009.66,2024-07-13 12:30:03+00:00,2024-07-13 12:30:03+00:00
59,17,8,2,2222.39,222.24,4222.54,2024-07-13 12:30:03+00:00,2024-07-13 12:30:03+00:00
60,18,38,1,44297.4,4429.74,39867.66,2025-04-22 14:37:27+00:00,2025-04-22 14:37:27+00:00
61,18,23,1,7684.11,0.00,7684.11,2025-04-22 14:37:27+00:00,2025-04-22 14:37:27+00:00
62,18,18,1,1772.54,443.14,1329.40,2025-04-22 14:37:27+00:00,2025-04-22 14:37:27+00:00
63,18,11,5,7694.82,0.00,38474.10,2025-04-22 14:37:27+00:00,2025-04-22 14:37:27+00:00
64,18,48,1,1837.88,0.00,1837.88,2025-04-22 14:37:27+00:00,2025-04-22 14:37:27+00:00
65,19,18,1,1772.54,0.00,1772.54,2025-02-26 12:07:38+00:00,2025-02-26 12:07:38+00:00
66,19,4,1,2889.39,866.82,2022.57,2025-02-26 12:07:38+00:00,2025-02-26 12:07:38+00:00
67,20,35,1,34692.0,0.00,34692.00,2025-02-13 13:46:01+00:00,2025-02-13 13:46:01+00:00
68,20,9,1,2673.22,0.00,2673.22,2025-02-13 13:46:01+00:00,2025-02-13 13:46:01+00:00
69,20,44,2,10637.28,0.00,21274.56,2025-02-13 13:46:01+00:00,2025-02-13 13:46:01+00:00
70,20,15,1,282.45,0.00,282.45,2025-02-13 13:46:01+00:00,2025-02-13 13:46:01+00:00
71,20,31,1,6262.08,939.31,5322.77,2025-02-13 13:46:01+00:00,2025-02-13 13:46:01+00:00
72,20,12,1,417.22,41.72,375.50,2025-02-13 13:46:01+00:00,2025-02-13 13:46:01+00:00
73,21,26,2,398.07,159.23,636.91,2025-06-11 10:27:13+00:00,2025-06-11 10:27:13+00:00
74,21,2,2,13121.92,1312.19,24931.65,2025-06-11 10:27:13+00:00,2025-06-11 10:27:13+00:00
75,21,9,1,2673.22,0.00,2673.22,2025-06-11 10:27:13+00:00,2025-06-11 10:27:13+00:00
76,22,41,2,38729.35,0.00,77458.70,2025-07-23 20:51:00+00:00,2025-07-23 20:51:00+00:00
77,23,35,1,34692.0,0.00,34692.00,2025-12-23 22:35:13+00:00,2025-12-23 22:35:13+00:00
78,23,39,1,52470.6,0.00,52470.60,2025-12-23 22:35:13+00:00,2025-12-23 22:35:13+00:00
79,24,29,1,30.96,7.74,23.22,2025-02-15 08:55:32+00:00,2025-02-15 08:55:32+00:00
80,25,45,1,43073.65,2153.68,40919.97,2025-08-17 13:49:03+00:00,2025-08-17 13:49:03+00:00
81,25,43,2,31654.95,3165.50,60144.40,2025-08-17 13:49:03+00:00,2025-08-17 13:49:03+00:00
82,25,14,1,612.29,61.23,551.06,2025-08-17 13:49:03+00:00,2025-08-17 13:49:03+00:00
83,26,30,1,2885.18,144.26,2740.92,2024-08-04 10:48:55+00:00,2024-08-04 10:48:55+00:00
84,26,5,1,2631.12,526.22,2104.90,2024-08-04 10:48:55+00:00,2024-08-04 10:48:55+00:00
85,27,42,2,29461.25,5892.25,53030.25,2025-11-08 18:59:55+00:00,2025-11-08 18:59:55+00:00
86,27,30,1,2885.18,0.00,2885.18,2025-11-08 18:59:55+00:00,2025-11-08 18:59:55+00:00
87,27,20,1,484.34,72.65,411.69,2025-11-08 18:59:55+00:00,2025-11-08 18:59:55+00:00
88,28,9,1,2673.22,400.98,2272.24,2025-08-14 16:33:56+00:00,2025-08-14 16:33:56+00:00
89,28,46,2,3177.35,0.00,6354.70,2025-08-14 16:33:56+00:00,2025-08-14 16:33:56+00:00
90,28,7,1,2643.9,264.39,2379.51,2025-08-14 16:33:56+00:00,2025-08-14 16:33:56+00:00
91,29,17,1,2379.1,118.96,2260.14,2024-01-19 12:52:50+00:00,2024-01-19 12:52:50+00:00
92,29,23,1,7684.11,768.41,6915.70,2024-01-19 12:52:50+00:00,2024-01-19 12:52:50+00:00
93,30,39,1,52470.6,0.00,52470.60,2025-12-16 20:29:55+00:00,2025-12-16 20:29:55+00:00
94,30,34,1,31195.85,4679.38,26516.47,2025-12-16 20:29:55+00:00,2025-12-16 20:29:55+00:00
95,30,12,1,417.22,0.00,417.22,2025-12-16 20:29:55+00:00,2025-12-16 20:29:55+00:00
96,31,8,3,2222.39,0.00,6667.17,2025-03-25 14:22:24+00:00,2025-03-25 14:22:24+00:00
97,31,38,1,44297.4,2214.87,42082.53,2025-03-25 14:22:24+00:00,2025-03-25 14:22:24+00:00
98,32,30,3,2885.18,865.55,7789.99,2024-04-26 14:10:59+00:00,2024-04-26 14:10:59+00:00
99,33,35,2,34692.0,3469.20,65914.80,2025-10-06 16:46:07+00:00,2025-10-06 16:46:07+00:00
100,33,12,1,417.22,104.31,312.91,2025-10-06 16:46:07+00:00,2025-10-06 16:46:07+00:00
101,33,11,2,7694.82,0.00,15389.64,2025-10-06 16:46:07+00:00,2025-10-06 16:46:07+00:00
102,34,25,1,841.46,252.44,589.02,2025-02-14 19:11:48+00:00,2025-02-14 19:11:48+00:00
103,35,9,1,2673.22,0.00,2673.22,2023-12-12 18:55:13+00:00,2023-12-12 18:55:13+00:00
104,36,22,2,10157.26,0.00,20314.52,2025-11-07 20:39:59+00:00,2025-11-07 20:39:59+00:00
105,36,23,1,7684.11,1536.82,6147.29,2025-11-07 20:39:59+00:00,2025-11-07 20:39:59+00:00
106,36,40,1,79021.6,7902.16,71119.44,2025-11-07 20:39:59+00:00,2025-11-07 20:39:59+00:00
107,36,49,1,2504.78,250.48,2254.30,2025-11-07 20:39:59+00:00,2025-11-07 20:39:59+00:00
108,36,16,1,928.58,139.29,789.29,2025-11-07 20:39:59+00:00,2025-11-07 20:39:59+00:00
109,37,33,1,77537.1,3876.86,73660.24,2024-02-12 16:46:24+00:00,2024-02-12 16:46:24+00:00
110,38,33,1,77537.1,0.00,77537.10,2025-07-11 15:15:50+00:00,2025-07-11 15:15:50+00:00
111,39,10,1,827.45,41.37,786.08,2025-11-24 14:05:33+00:00,2025-11-24 14:05:33+00:00
112,39,36,1,15240.96,762.05,14478.91,2025-11-24 14:05:33+00:00,2025-11-24 14:05:33+00:00
113,39,8,1,2222.39,222.24,2000.15,2025-11-24 14:05:33+00:00,2025-11-24 14:05:33+00:00
114,39,13,1,374.63,0.00,374.63,2025-11-24 14:05:33+00:00,2025-11-24 14:05:33+00:00
115,39,15,1,282.45,0.00,282.45,2025-11-24 14:05:33+00:00,2025-11-24 14:05:33+00:00
116,40,11,2,7694.82,0.00,15389.64,2025-01-12 10:04:43+00:00,2025-01-12 10:04:43+00:00
117,40,44,1,10637.28,0.00,10637.28,2025-01-12 10:04:43+00:00,2025-01-12 10:04:43+00:00
118,41,32,1,969.84,48.49,921.35,2025-04-18 18:01:32+00:00,2025-04-18 18:01:32+00:00
119,41,41,1,38729.35,0.00,38729.35,2025-04-18 18:01:32+00:00,2025-04-18 18:01:32+00:00
120,42,30,1,2885.18,0.00,2885.18,2025-03-24 13:21:56+00:00,2025-03-24 13:21:56+00:00
121,43,36,1,15240.96,762.05,14478.91,2025-09-15 12:05:10+00:00,2025-09-15 12:05:10+00:00
122,43,25,1,841.46,168.29,673.17,2025-09-15 12:05:10+00:00,2025-09-15 12:05:10+00:00
123,43,4,2,2889.39,0.00,5778.78,2025-09-15 12:05:10+00:00,2025-09-15 12:05:10+00:00
124,44,12,1,417.22,20.86,396.36,2025-09-06 16:23:58+00:00,2025-09-06 16:23:58+00:00
125,44,37,2,49584.75,14875.43,84294.07,2025-09-06 16:23:58+00:00,2025-09-06 16:23:58+00:00
126,44,6,1,3467.1,520.07,2947.03,2025-09-06 16:23:58+00:00,2025-09-06 16:23:58+00:00
127,44,1,1,39885.45,0.00,39885.45,2025-09-06 16:23:58+00:00,2025-09-06 16:23:58+00:00
128,45,19,1,602.52,60.25,542.27,2025-08-09 13:48:47+00:00,2025-08-09 13:48:47+00:00
129,45,23,1,7684.11,0.00,7684.11,2025-08-09 13:48:47+00:00,2025-08-09 13:48:47+00:00
130,45,45,2,43073.65,0.00,86147.30,2025-08-09 13:48:47+00:00,2025-08-09 13:48:47+00:00
131,45,36,1,15240.96,0.00,15240.96,2025-08-09 13:48:47+00:00,2025-08-09 13:48:47+00:00
132,46,25,1,841.46,126.22,715.24,2025-07-19 20:11:02+00:00,2025-07-19 20:11:02+00:00
133,46,27,1,316.09,0.00,316.09,2025-07-19 20:11:02+00:00,2025-07-19 20:11:02+00:00
134,46,40,1,79021.6,0.00,79021.60,2025-07-19 20:11:02+00:00,2025-07-19 20:11:02+00:00
135,46,11,2,7694.82,3077.93,12311.71,2025-07-19 20:11:02+00:00,2025-07-19 20:11:02+00:00
136,47,27,1,316.09,0.00,316.09,2025-01-28 08:58:54+00:00,2025-01-28 08:58:54+00:00
137,47,44,2,10637.28,0.00,21274.56,2025-01-28 08:58:54+00:00,2025-01-28 08:58:54+00:00
138,48,28,1,267.7,0.00,267.70,2023-11-22 17:40:48+00:00,2023-11-22 17:40:48+00:00
139,48,43,1,31654.95,0.00,31654.95,2023-11-22 17:40:48+00:00,2023-11-22 17:40:48+00:00
140,49,23,1,7684.11,768.41,6915.70,2025-12-11 11:24:28+00:00,2025-12-11 11:24:28+00:00
141,49,36,1,15240.96,0.00,15240.96,2025-12-11 11:24:28+00:00,2025-12-11 11:24:28+00:00
142,49,13,2,374.63,0.00,749.26,2025-12-11 11:24:28+00:00,2025-12-11 11:24:28+00:00
143,49,30,1,2885.18,0.00,2885.18,2025-12-11 11:24:28+00:00,2025-12-11 11:24:28+00:00
144,49,19,1,602.52,0.00,602.52,2025-12-11 11:24:28+00:00,2025-12-11 11:24:28+00:00
145,50,45,2,43073.65,0.00,86147.30,2025-10-28 18:36:33+00:00,2025-10-28 18:36:33+00:00
146,50,9,2,2673.22,267.32,5079.12,2025-10-28 18:36:33+00:00,2025-10-28 18:36:33+00:00
147,51,8,1,2222.39,0.00,2222.39,2025-02-27 11:32:55+00:00,2025-02-27 11:32:55+00:00
148,51,3,1,27848.38,4177.26,23671.12,2025-02-27 11:32:55+00:00,2025-02-27 11:32:55+00:00
149,51,42,1,29461.25,2946.13,26515.12,2025-02-27 11:32:55+00:00,2025-02-27 11:32:55+00:00
150,52,9,1,2673.22,400.98,2272.24,2025-05-17 09:40:31+00:00,2025-05-17 09:40:31+00:00
151,52,19,1,602.52,30.13,572.39,2025-05-17 09:40:31+00:00,2025-05-17 09:40:31+00:00
152,53,31,1,6262.08,0.00,6262.08,2024-11-11 08:16:38+00:00,2024-11-11 08:16:38+00:00
153,53,36,1,15240.96,0.00,15240.96,2024-11-11 08:16:38+00:00,2024-11-11 08:16:38+00:00
154,54,22,1,10157.26,1015.73,9141.53,2025-08-30 16:31:18+00:00,2025-08-30 16:31:18+00:00
155,54,28,3,267.7,200.78,602.32,2025-08-30 16:31:18+00:00,2025-08-30 16:31:18+00:00
156,55,5,1,2631.12,131.56,2499.56,2025-08-10 08:12:33+00:00,2025-08-10 08:12:33+00:00
157,55,46,1,3177.35,0.00,3177.35,2025-08-10 08:12:33+00:00,2025-08-10 08:12:33+00:00
158,56,38,1,44297.4,4429.74,39867.66,2025-03-13 12:16:27+00:00,2025-03-13 12:16:27+00:00
159,56,45,1,43073.65,0.00,43073.65,2025-03-13 12:16:27+00:00,2025-03-13 12:16:27+00:00
160,57,37,1,49584.75,12396.19,37188.56,2025-01-09 09:16:31+00:00,2025-01-09 09:16:31+00:00
161,57,48,1,1837.88,183.79,1654.09,2025-01-09 09:16:31+00:00,2025-01-09 09:16:31+00:00
162,58,22,1,10157.26,1015.73,9141.53,2023-10-14 12:58:01+00:00,2023-10-14 12:58:01+00:00
163,58,36,1,15240.96,2286.14,12954.82,2023-10-14 12:58:01+00:00,2023-10-14 12:58:01+00:00
164,58,15,3,282.45,0.00,847.35,2023-10-14 12:58:01+00:00,2023-10-14 12:58:01+00:00
165,58,43,1,31654.95,4748.24,26906.71,2023-10-14 12:58:01+00:00,2023-10-14 12:58:01+00:00
166,59,39,1,52470.6,0.00,52470.60,2025-10-31 12:32:35+00:00,2025-10-31 12:32:35+00:00
167,60,49,4,2504.78,0.00,10019.12,2024-10-10 17:55:31+00:00,2024-10-10 17:55:31+00:00
168,61,38,2,44297.4,22148.70,66446.10,2025-07-31 17:55:16+00:00,2025-07-31 17:55:16+00:00
169,61,18,1,1772.54,0.00,1772.54,2025-07-31 17:55:16+00:00,2025-07-31 17:55:16+00:00
170,61,48,1,1837.88,459.47,1378.41,2025-07-31 17:55:16+00:00,2025-07-31 17:55:16+00:00
171,61,46,2,3177.35,317.74,6036.96,2025-07-31 17:55:16+00:00,2025-07-31 17:55:16+00:00
172,62,23,1,7684.11,768.41,6915.70,2024-06-18 09:30:43+00:00,2024-06-18 09:30:43+00:00
173,62,9,1,2673.22,133.66,2539.56,2024-06-18 09:30:43+00:00,2024-06-18 09:30:43+00:00
174,62,35,1,34692.0,0.00,34692.00,2024-06-18 09:30:43+00:00,2024-06-18 09:30:43+00:00
175,63,24,1,993.17,99.32,893.85,2025-08-24 19:30:45+00:00,2025-08-24 19:30:45+00:00
176,64,25,1,841.46,168.29,673.17,2025-07-26 22:12:42+00:00,2025-07-26 22:12:42+00:00
177,64,15,3,282.45,0.00,847.35,2025-07-26 22:12:42+00:00,2025-07-26 22:12:42+00:00
178,65,28,1,267.7,53.54,214.16,2025-03-31 09:38:34+00:00,2025-03-31 09:38:34+00:00
179,65,3,1,27848.38,5569.68,22278.70,2025-03-31 09:38:34+00:00,2025-03-31 09:38:34+00:00
180,65,10,2,827.45,0.00,1654.90,2025-03-31 09:38:34+00:00,2025-03-31 09:38:34+00:00
181,65,31,1,6262.08,0.00,6262.08,2025-03-31 09:38:34+00:00,2025-03-31 09:38:34+00:00
182,65,50,2,768.32,0.00,1536.64,2025-03-31 09:38:34+00:00,2025-03-31 09:38:34+00:00
183,65,27,1,316.09,15.80,300.29,2025-03-31 09:38:34+00:00,2025-03-31 09:38:34+00:00
184,65,2,2,13121.92,3936.58,22307.26,2025-03-31 09:38:34+00:00,2025-03-31 09:38:34+00:00
185,65,40,1,79021.6,15804.32,63217.28,2025-03-31 09:38:34+00:00,2025-03-31 09:38:34+00:00
186,66,2,1,13121.92,2624.38,10497.54,2024-12-28 08:01:12+00:00,2024-12-28 08:01:12+00:00
187,67,12,1,417.22,83.44,333.78,2025-02-02 10:12:10+00:00,2025-02-02 10:12:10+00:00
188,67,23,1,7684.11,384.21,7299.90,2025-02-02 10:12:10+00:00,2025-02-02 10:12:10+00:00
189,67,43,1,31654.95,3165.50,28489.45,2025-02-02 10:12:10+00:00,2025-02-02 10:12:10+00:00
190,68,2,1,13121.92,0.00,13121.92,2023-05-31 09:58:18+00:00,2023-05-31 09:58:18+00:00
191,69,15,3,282.45,42.37,804.98,2024-11-10 22:42:04+00:00,2024-11-10 22:42:04+00:00
192,69,39,1,52470.6,0.00,52470.60,2024-11-10 22:42:04+00:00,2024-11-10 22:42:04+00:00
193,69,1,1,39885.45,0.00,39885.45,2024-11-10 22:42:04+00:00,2024-11-10 22:42:04+00:00
194,69,21,1,10465.2,2093.04,8372.16,2024-11-10 22:42:04+00:00,2024-11-10 22:42:04+00:00
195,70,49,2,2504.78,0.00,5009.56,2025-11-25 08:22:16+00:00,2025-11-25 08:22:16+00:00
196,70,16,1,928.58,185.72,742.86,2025-11-25 08:22:16+00:00,2025-11-25 08:22:16+00:00
197,70,29,1,30.96,6.19,24.77,2025-11-25 08:22:16+00:00,2025-11-25 08:22:16+00:00
198,71,48,1,1837.88,183.79,1654.09,2024-11-19 20:40:25+00:00,2024-11-19 20:40:25+00:00
199,72,27,1,316.09,0.00,316.09,2025-12-31 12:28:53+00:00,2025-12-31 12:28:53+00:00
200,72,48,1,1837.88,0.00,1837.88,2025-12-31 12:28:53+00:00,2025-12-31 12:28:53+00:00
201,73,21,2,10465.2,0.00,20930.40,2024-12-15 13:32:59+00:00,2024-12-15 13:32:59+00:00
202,73,19,2,602.52,60.25,1144.79,2024-12-15 13:32:59+00:00,2024-12-15 13:32:59+00:00
203,73,18,1,1772.54,88.63,1683.91,2024-12-15 13:32:59+00:00,2024-12-15 13:32:59+00:00
204,73,40,1,79021.6,0.00,79021.60,2024-12-15 13:32:59+00:00,2024-12-15 13:32:59+00:00
205,74,19,2,602.52,0.00,1205.04,2025-11-21 20:04:55+00:00,2025-11-21 20:04:55+00:00
206,74,8,3,2222.39,1000.08,5667.09,2025-11-21 20:04:55+00:00,2025-11-21 20:04:55+00:00
207,74,43,1,31654.95,3165.50,28489.45,2025-11-21 20:04:55+00:00,2025-11-21 20:04:55+00:00
208,75,50,2,768.32,307.33,1229.31,2025-09-02 09:06:08+00:00,2025-09-02 09:06:08+00:00
209,75,33,1,77537.1,0.00,77537.10,2025-09-02 09:06:08+00:00,2025-09-02 09:06:08+00:00
210,76,42,1,29461.25,2946.13,26515.12,2025-07-29 15:02:34+00:00,2025-07-29 15:02:34+00:00
211,76,31,2,6262.08,0.00,12524.16,2025-07-29 15:02:34+00:00,2025-07-29 15:02:34+00:00
212,76,47,1,2609.25,0.00,2609.25,2025-07-29 15:02:34+00:00,2025-07-29 15:02:34+00:00
213,76,12,1,417.22,0.00,417.22,2025-07-29 15:02:34+00:00,2025-07-29 15:02:34+00:00
214,77,47,1,2609.25,0.00,2609.25,2025-07-05 14:58:32+00:00,2025-07-05 14:58:32+00:00
215,77,32,1,969.84,0.00,969.84,2025-07-05 14:58:32+00:00,2025-07-05 14:58:32+00:00
216,77,17,1,2379.1,237.91,2141.19,2025-07-05 14:58:32+00:00,2025-07-05 14:58:32+00:00
217,77,41,1,38729.35,0.00,38729.35,2025-07-05 14:58:32+00:00,2025-07-05 14:58:32+00:00
218,77,39,1,52470.6,7870.59,44600.01,2025-07-05 14:58:32+00:00,2025-07-05 14:58:32+00:00
219,78,22,2,10157.26,2031.45,18283.07,2024-04-04 19:02:23+00:00,2024-04-04 19:02:23+00:00
220,78,25,1,841.46,0.00,841.46,2024-04-04 19:02:23+00:00,2024-04-04 19:02:23+00:00
221,78,45,1,43073.65,6461.05,36612.60,2024-04-04 19:02:23+00:00,2024-04-04 19:02:23+00:00
222,79,34,1,31195.85,0.00,31195.85,2024-03-27 17:35:39+00:00,2024-03-27 17:35:39+00:00
223,79,5,1,2631.12,131.56,2499.56,2024-03-27 17:35:39+00:00,2024-03-27 17:35:39+00:00
224,79,43,1,31654.95,0.00,31654.95,2024-03-27 17:35:39+00:00,2024-03-27 17:35:39+00:00
225,80,24,2,993.17,198.63,1787.71,2024-12-30 21:14:50+00:00,2024-12-30 21:14:50+00:00
226,80,25,1,841.46,126.22,715.24,2024-12-30 21:14:50+00:00,2024-12-30 21:14:50+00:00
227,80,3,1,27848.38,0.00,27848.38,2024-12-30 21:14:50+00:00,2024-12-30 21:14:50+00:00
228,81,26,1,398.07,0.00,398.07,2025-12-29 17:30:30+00:00,2025-12-29 17:30:30+00:00
229,81,48,1,1837.88,459.47,1378.41,2025-12-29 17:30:30+00:00,2025-12-29 17:30:30+00:00
230,82,11,1,7694.82,769.48,6925.34,2025-07-31 20:20:34+00:00,2025-07-31 20:20:34+00:00
231,82,28,1,267.7,66.93,200.77,2025-07-31 20:20:34+00:00,2025-07-31 20:20:34+00:00
232,82,34,1,31195.85,4679.38,26516.47,2025-07-31 20:20:34+00:00,2025-07-31 20:20:34+00:00
233,83,1,2,39885.45,0.00,79770.90,2025-11-18 12:51:25+00:00,2025-11-18 12:51:25+00:00
234,84,32,2,969.84,387.94,1551.74,2025-10-02 16:21:33+00:00,2025-10-02 16:21:33+00:00
235,84,44,1,10637.28,0.00,10637.28,2025-10-02 16:21:33+00:00,2025-10-02 16:21:33+00:00
236,84,12,1,417.22,0.00,417.22,2025-10-02 16:21:33+00:00,2025-10-02 16:21:33+00:00
237,84,16,1,928.58,232.15,696.43,2025-10-02 16:21:33+00:00,2025-10-02 16:21:33+00:00
238,84,47,1,2609.25,0.00,2609.25,2025-10-02 16:21:33+00:00,2025-10-02 16:21:33+00:00
239,84,28,3,267.7,0.00,803.10,2025-10-02 16:21:33+00:00,2025-10-02 16:21:33+00:00
240,84,9,1,2673.22,0.00,2673.22,2025-10-02 16:21:33+00:00,2025-10-02 16:21:33+00:00
241,85,10,1,827.45,0.00,827.45,2025-12-09 13:39:17+00:00,2025-12-09 13:39:17+00:00
242,85,28,1,267.7,0.00,267.70,2025-12-09 13:39:17+00:00,2025-12-09 13:39:17+00:00
243,86,30,1,2885.18,0.00,2885.18,2025-01-15 15:23:20+00:00,2025-01-15 15:23:20+00:00
244,86,6,1,3467.1,173.36,3293.74,2025-01-15 15:23:20+00:00,2025-01-15 15:23:20+00:00
245,87,22,1,10157.26,0.00,10157.26,2025-03-15 10:56:19+00:00,2025-03-15 10:56:19+00:00
246,87,8,1,2222.39,333.36,1889.03,2025-03-15 10:56:19+00:00,2025-03-15 10:56:19+00:00
247,87,33,1,77537.1,23261.13,54275.97,2025-03-15 10:56:19+00:00,2025-03-15 10:56:19+00:00
248,87,44,2,10637.28,2127.46,19147.10,2025-03-15 10:56:19+00:00,2025-03-15 10:56:19+00:00
249,87,17,1,2379.1,475.82,1903.28,2025-03-15 10:56:19+00:00,2025-03-15 10:56:19+00:00
250,87,15,2,282.45,28.25,536.65,2025-03-15 10:56:19+00:00,2025-03-15 10:56:19+00:00
251,87,1,2,39885.45,7977.09,71793.81,2025-03-15 10:56:19+00:00,2025-03-15 10:56:19+00:00
252,87,7,1,2643.9,0.00,2643.90,2025-03-15 10:56:19+00:00,2025-03-15 10:56:19+00:00
253,88,34,1,31195.85,7798.96,23396.89,2025-07-28 13:36:37+00:00,2025-07-28 13:36:37+00:00
254,88,9,1,2673.22,400.98,2272.24,2025-07-28 13:36:37+00:00,2025-07-28 13:36:37+00:00
255,88,5,1,2631.12,263.11,2368.01,2025-07-28 13:36:37+00:00,2025-07-28 13:36:37+00:00
256,89,22,1,10157.26,0.00,10157.26,2025-04-23 21:27:20+00:00,2025-04-23 21:27:20+00:00
257,90,35,1,34692.0,0.00,34692.00,2024-07-15 14:27:01+00:00,2024-07-15 14:27:01+00:00
258,90,36,3,15240.96,4572.29,41150.59,2024-07-15 14:27:01+00:00,2024-07-15 14:27:01+00:00
259,90,10,1,827.45,124.12,703.33,2024-07-15 14:27:01+00:00,2024-07-15 14:27:01+00:00
260,90,49,1,2504.78,0.00,2504.78,2024-07-15 14:27:01+00:00,2024-07-15 14:27:01+00:00
261,91,11,1,7694.82,384.74,7310.08,2025-12-09 19:02:48+00:00,2025-12-09 19:02:48+00:00
262,91,5,1,2631.12,0.00,2631.12,2025-12-09 19:02:48+00:00,2025-12-09 19:02:48+00:00
263,91,46,1,3177.35,158.87,3018.48,2025-12-09 19:02:48+00:00,2025-12-09 19:02:48+00:00
264,92,2,1,13121.92,1312.19,11809.73,2023-11-01 15:01:26+00:00,2023-11-01 15:01:26+00:00
265,92,27,1,316.09,0.00,316.09,2023-11-01 15:01:26+00:00,2023-11-01 15:01:26+00:00
266,92,48,2,1837.88,1470.30,2205.46,2023-11-01 15:01:26+00:00,2023-11-01 15:01:26+00:00
267,92,46,1,3177.35,158.87,3018.48,2023-11-01 15:01:26+00:00,2023-11-01 15:01:26+00:00
268,92,5,1,2631.12,131.56,2499.56,2023-11-01 15:01:26+00:00,2023-11-01 15:01:26+00:00
269,92,29,2,30.96,3.10,58.82,2023-11-01 15:01:26+00:00,2023-11-01 15:01:26+00:00
270,93,45,1,43073.65,0.00,43073.65,2025-08-02 16:37:55+00:00,2025-08-02 16:37:55+00:00
271,93,31,3,6262.08,1878.62,16907.62,2025-08-02 16:37:55+00:00,2025-08-02 16:37:55+00:00
272,93,50,1,768.32,38.42,729.90,2025-08-02 16:37:55+00:00,2025-08-02 16:37:55+00:00
273,93,13,1,374.63,93.66,280.97,2025-08-02 16:37:55+00:00,2025-08-02 16:37:55+00:00
274,93,22,1,10157.26,1015.73,9141.53,2025-08-02 16:37:55+00:00,2025-08-02 16:37:55+00:00
275,93,25,3,841.46,0.00,2524.38,2025-08-02 16:37:55+00:00,2025-08-02 16:37:55+00:00
276,93,6,1,3467.1,693.42,2773.68,2025-08-02 16:37:55+00:00,2025-08-02 16:37:55+00:00
277,94,24,3,993.17,446.93,2532.58,2025-01-03 15:13:08+00:00,2025-01-03 15:13:08+00:00
278,94,15,3,282.45,169.47,677.88,2025-01-03 15:13:08+00:00,2025-01-03 15:13:08+00:00
279,95,40,1,79021.6,7902.16,71119.44,2025-05-09 21:56:11+00:00,2025-05-09 21:56:11+00:00
280,95,48,1,1837.88,551.36,1286.52,2025-05-09 21:56:11+00:00,2025-05-09 21:56:11+00:00
281,95,16,2,928.58,278.57,1578.59,2025-05-09 21:56:11+00:00,2025-05-09 21:56:11+00:00
282,95,1,1,39885.45,0.00,39885.45,2025-05-09 21:56:11+00:00,2025-05-09 21:56:11+00:00
283,96,33,1,77537.1,0.00,77537.10,2025-06-19 21:57:30+00:00,2025-06-19 21:57:30+00:00
284,96,46,1,3177.35,0.00,3177.35,2025-06-19 21:57:30+00:00,2025-06-19 21:57:30+00:00
285,97,27,1,316.09,47.41,268.68,2025-03-18 20:17:43+00:00,2025-03-18 20:17:43+00:00
286,97,9,1,2673.22,801.97,1871.25,2025-03-18 20:17:43+00:00,2025-03-18 20:17:43+00:00
287,98,49,2,2504.78,500.96,4508.60,2025-08-14 20:12:09+00:00,2025-08-14 20:12:09+00:00
288,98,26,1,398.07,0.00,398.07,2025-08-14 20:12:09+00:00,2025-08-14 20:12:09+00:00
289,98,5,2,2631.12,789.34,4472.90,2025-08-14 20:12:09+00:00,2025-08-14 20:12:09+00:00
290,98,22,1,10157.26,0.00,10157.26,2025-08-14 20:12:09+00:00,2025-08-14 20:12:09+00:00
291,99,11,1,7694.82,1154.22,6540.60,2025-10-23 15:36:41+00:00,2025-10-23 15:36:41+00:00
292,100,12,1,417.22,0.00,417.22,2024-06-16 20:55:54+00:00,2024-06-16 20:55:54+00:00
293,100,14,1,612.29,0.00,612.29,2024-06-16 20:55:54+00:00,2024-06-16 20:55:54+00:00
294,100,3,1,27848.38,0.00,27848.38,2024-06-16 20:55:54+00:00,2024-06-16 20:55:54+00:00
295,100,33,1,77537.1,11630.57,65906.53,2024-06-16 20:55:54+00:00,2024-06-16 20:55:54+00:00
296,100,36,1,15240.96,0.00,15240.96,2024-06-16 20:55:54+00:00,2024-06-16 20:55:54+00:00
297,100,27,1,316.09,0.00,316.09,2024-06-16 20:55:54+00:00,2024-06-16 20:55:54+00:00
298,100,6,1,3467.1,346.71,3120.39,2024-06-16 20:55:54+00:00,2024-06-16 20:55:54+00:00
299,100,48,1,1837.88,0.00,1837.88,2024-06-16 20:55:54+00:00,2024-06-16 20:55:54+00:00
300,101,11,3,7694.82,0.00,23084.46,2025-05-01 18:29:55+00:00,2025-05-01 18:29:55+00:00
301,102,31,1,6262.08,626.21,5635.87,2024-07-23 14:15:46+00:00,2024-07-23 14:15:46+00:00
302,102,21,1,10465.2,0.00,10465.20,2024-07-23 14:15:46+00:00,2024-07-23 14:15:46+00:00
303,102,48,3,1837.88,827.05,4686.59,2024-07-23 14:15:46+00:00,2024-07-23 14:15:46+00:00
304,102,44,1,10637.28,1595.59,9041.69,2024-07-23 14:15:46+00:00,2024-07-23 14:15:46+00:00
305,102,7,2,2643.9,264.39,5023.41,2024-07-23 14:15:46+00:00,2024-07-23 14:15:46+00:00
306,103,14,1,612.29,91.84,520.45,2024-02-07 18:02:43+00:00,2024-02-07 18:02:43+00:00
307,103,13,1,374.63,0.00,374.63,2024-02-07 18:02:43+00:00,2024-02-07 18:02:43+00:00
308,103,31,2,6262.08,1878.62,10645.54,2024-02-07 18:02:43+00:00,2024-02-07 18:02:43+00:00
309,103,4,3,2889.39,1733.63,6934.54,2024-02-07 18:02:43+00:00,2024-02-07 18:02:43+00:00
310,103,37,1,49584.75,7437.71,42147.04,2024-02-07 18:02:43+00:00,2024-02-07 18:02:43+00:00
311,103,43,3,31654.95,9496.49,85468.36,2024-02-07 18:02:43+00:00,2024-02-07 18:02:43+00:00
312,103,42,1,29461.25,0.00,29461.25,2024-02-07 18:02:43+00:00,2024-02-07 18:02:43+00:00
313,104,8,1,2222.39,0.00,2222.39,2025-03-11 16:51:39+00:00,2025-03-11 16:51:39+00:00
314,104,3,1,27848.38,0.00,27848.38,2025-03-11 16:51:39+00:00,2025-03-11 16:51:39+00:00
315,104,16,1,928.58,185.72,742.86,2025-03-11 16:51:39+00:00,2025-03-11 16:51:39+00:00
316,105,39,1,52470.6,5247.06,47223.54,2024-06-22 08:19:00+00:00,2024-06-22 08:19:00+00:00
317,106,9,1,2673.22,0.00,2673.22,2024-04-13 08:45:22+00:00,2024-04-13 08:45:22+00:00
318,107,15,1,282.45,0.00,282.45,2024-05-03 10:51:47+00:00,2024-05-03 10:51:47+00:00
319,107,12,2,417.22,83.44,751.00,2024-05-03 10:51:47+00:00,2024-05-03 10:51:47+00:00
320,107,25,2,841.46,336.58,1346.34,2024-05-03 10:51:47+00:00,2024-05-03 10:51:47+00:00
321,107,17,1,2379.1,0.00,2379.10,2024-05-03 10:51:47+00:00,2024-05-03 10:51:47+00:00
322,107,41,1,38729.35,3872.94,34856.41,2024-05-03 10:51:47+00:00,2024-05-03 10:51:47+00:00
323,107,2,1,13121.92,2624.38,10497.54,2024-05-03 10:51:47+00:00,2024-05-03 10:51:47+00:00
324,107,4,1,2889.39,0.00,2889.39,2024-05-03 10:51:47+00:00,2024-05-03 10:51:47+00:00
325,107,14,1,612.29,61.23,551.06,2024-05-03 10:51:47+00:00,2024-05-03 10:51:47+00:00
326,108,38,1,44297.4,4429.74,39867.66,2025-06-25 10:05:08+00:00,2025-06-25 10:05:08+00:00
327,108,39,2,52470.6,0.00,104941.20,2025-06-25 10:05:08+00:00,2025-06-25 10:05:08+00:00
328,108,47,1,2609.25,130.46,2478.79,2025-06-25 10:05:08+00:00,2025-06-25 10:05:08+00:00
329,108,8,2,2222.39,222.24,4222.54,2025-06-25 10:05:08+00:00,2025-06-25 10:05:08+00:00
330,108,46,2,3177.35,1906.41,4448.29,2025-06-25 10:05:08+00:00,2025-06-25 10:05:08+00:00
331,108,42,4,29461.25,0.00,117845.00,2025-06-25 10:05:08+00:00,2025-06-25 10:05:08+00:00
332,109,3,1,27848.38,6962.10,20886.28,2024-04-16 16:42:08+00:00,2024-04-16 16:42:08+00:00
333,109,44,2,10637.28,1063.73,20210.83,2024-04-16 16:42:08+00:00,2024-04-16 16:42:08+00:00
334,109,45,1,43073.65,10768.41,32305.24,2024-04-16 16:42:08+00:00,2024-04-16 16:42:08+00:00
335,109,26,4,398.07,0.00,1592.28,2024-04-16 16:42:08+00:00,2024-04-16 16:42:08+00:00
336,110,50,1,768.32,38.42,729.90,2024-08-12 09:25:30+00:00,2024-08-12 09:25:30+00:00
337,110,44,2,10637.28,0.00,21274.56,2024-08-12 09:25:30+00:00,2024-08-12 09:25:30+00:00
338,111,19,1,602.52,180.76,421.76,2025-04-02 08:20:53+00:00,2025-04-02 08:20:53+00:00
339,111,37,1,49584.75,7437.71,42147.04,2025-04-02 08:20:53+00:00,2025-04-02 08:20:53+00:00
340,111,7,3,2643.9,793.17,7138.53,2025-04-02 08:20:53+00:00,2025-04-02 08:20:53+00:00
341,112,37,1,49584.75,2479.24,47105.51,2025-10-28 16:57:12+00:00,2025-10-28 16:57:12+00:00
342,113,50,1,768.32,0.00,768.32,2023-07-17 11:17:18+00:00,2023-07-17 11:17:18+00:00
343,113,45,1,43073.65,2153.68,40919.97,2023-07-17 11:17:18+00:00,2023-07-17 11:17:18+00:00
344,114,38,1,44297.4,4429.74,39867.66,2025-07-29 15:37:30+00:00,2025-07-29 15:37:30+00:00
345,114,23,1,7684.11,0.00,7684.11,2025-07-29 15:37:30+00:00,2025-07-29 15:37:30+00:00
346,114,29,2,30.96,0.00,61.92,2025-07-29 15:37:30+00:00,2025-07-29 15:37:30+00:00
347,114,33,2,77537.1,7753.71,147320.49,2025-07-29 15:37:30+00:00,2025-07-29 15:37:30+00:00
348,114,40,1,79021.6,3951.08,75070.52,2025-07-29 15:37:30+00:00,2025-07-29 15:37:30+00:00
349,114,2,1,13121.92,0.00,13121.92,2025-07-29 15:37:30+00:00,2025-07-29 15:37:30+00:00
350,114,1,2,39885.45,3988.55,75782.35,2025-07-29 15:37:30+00:00,2025-07-29 15:37:30+00:00
351,115,18,1,1772.54,88.63,1683.91,2025-03-23 17:55:29+00:00,2025-03-23 17:55:29+00:00
352,115,21,2,10465.2,1046.52,19883.88,2025-03-23 17:55:29+00:00,2025-03-23 17:55:29+00:00
353,115,37,1,49584.75,9916.95,39667.80,2025-03-23 17:55:29+00:00,2025-03-23 17:55:29+00:00
354,115,23,1,7684.11,1152.62,6531.49,2025-03-23 17:55:29+00:00,2025-03-23 17:55:29+00:00
355,115,42,2,29461.25,0.00,58922.50,2025-03-23 17:55:29+00:00,2025-03-23 17:55:29+00:00
356,115,22,2,10157.26,0.00,20314.52,2025-03-23 17:55:29+00:00,2025-03-23 17:55:29+00:00
357,115,27,1,316.09,0.00,316.09,2025-03-23 17:55:29+00:00,2025-03-23 17:55:29+00:00
358,116,33,4,77537.1,15507.42,294640.98,2025-09-11 15:20:49+00:00,2025-09-11 15:20:49+00:00
359,116,26,1,398.07,0.00,398.07,2025-09-11 15:20:49+00:00,2025-09-11 15:20:49+00:00
360,116,44,2,10637.28,0.00,21274.56,2025-09-11 15:20:49+00:00,2025-09-11 15:20:49+00:00
361,116,19,1,602.52,0.00,602.52,2025-09-11 15:20:49+00:00,2025-09-11 15:20:49+00:00
362,117,50,2,768.32,0.00,1536.64,2024-10-20 15:21:26+00:00,2024-10-20 15:21:26+00:00
363,118,16,1,928.58,278.57,650.01,2025-05-15 21:32:45+00:00,2025-05-15 21:32:45+00:00
364,118,37,1,49584.75,4958.48,44626.27,2025-05-15 21:32:45+00:00,2025-05-15 21:32:45+00:00
365,118,5,1,2631.12,131.56,2499.56,2025-05-15 21:32:45+00:00,2025-05-15 21:32:45+00:00
366,119,42,1,29461.25,1473.06,27988.19,2025-01-17 21:54:10+00:00,2025-01-17 21:54:10+00:00
367,119,5,1,2631.12,0.00,2631.12,2025-01-17 21:54:10+00:00,2025-01-17 21:54:10+00:00
368,120,44,1,10637.28,0.00,10637.28,2025-12-27 12:04:31+00:00,2025-12-27 12:04:31+00:00
369,120,14,1,612.29,0.00,612.29,2025-12-27 12:04:31+00:00,2025-12-27 12:04:31+00:00
370,120,15,1,282.45,14.12,268.33,2025-12-27 12:04:31+00:00,2025-12-27 12:04:31+00:00
371,121,1,1,39885.45,9971.36,29914.09,2023-02-26 14:59:43+00:00,2023-02-26 14:59:43+00:00
372,122,41,1,38729.35,1936.47,36792.88,2025-05-24 09:16:52+00:00,2025-05-24 09:16:52+00:00
373,122,23,1,7684.11,384.21,7299.90,2025-05-24 09:16:52+00:00,2025-05-24 09:16:52+00:00
374,122,40,1,79021.6,15804.32,63217.28,2025-05-24 09:16:52+00:00,2025-05-24 09:16:52+00:00
375,122,37,1,49584.75,19833.90,29750.85,2025-05-24 09:16:52+00:00,2025-05-24 09:16:52+00:00
376,122,47,1,2609.25,130.46,2478.79,2025-05-24 09:16:52+00:00,2025-05-24 09:16:52+00:00
377,123,30,3,2885.18,865.55,7789.99,2025-08-15 09:44:01+00:00,2025-08-15 09:44:01+00:00
378,123,22,1,10157.26,1015.73,9141.53,2025-08-15 09:44:01+00:00,2025-08-15 09:44:01+00:00
379,124,45,2,43073.65,8614.73,77532.57,2025-09-22 14:06:15+00:00,2025-09-22 14:06:15+00:00
380,125,24,1,993.17,0.00,993.17,2025-06-10 11:29:47+00:00,2025-06-10 11:29:47+00:00
381,125,38,1,44297.4,4429.74,39867.66,2025-06-10 11:29:47+00:00,2025-06-10 11:29:47+00:00
382,125,36,1,15240.96,762.05,14478.91,2025-06-10 11:29:47+00:00,2025-06-10 11:29:47+00:00
383,125,19,1,602.52,30.13,572.39,2025-06-10 11:29:47+00:00,2025-06-10 11:29:47+00:00
384,126,14,1,612.29,122.46,489.83,2025-12-25 22:59:44+00:00,2025-12-25 22:59:44+00:00
385,126,34,1,31195.85,0.00,31195.85,2025-12-25 22:59:44+00:00,2025-12-25 22:59:44+00:00
386,126,36,2,15240.96,3048.19,27433.73,2025-12-25 22:59:44+00:00,2025-12-25 22:59:44+00:00
387,127,20,3,484.34,0.00,1453.02,2025-09-07 17:43:13+00:00,2025-09-07 17:43:13+00:00
388,127,47,4,2609.25,0.00,10437.00,2025-09-07 17:43:13+00:00,2025-09-07 17:43:13+00:00
389,127,19,1,602.52,120.50,482.02,2025-09-07 17:43:13+00:00,2025-09-07 17:43:13+00:00
390,127,17,2,2379.1,0.00,4758.20,2025-09-07 17:43:13+00:00,2025-09-07 17:43:13+00:00
391,128,19,1,602.52,60.25,542.27,2025-01-23 21:52:16+00:00,2025-01-23 21:52:16+00:00
392,129,12,1,417.22,83.44,333.78,2025-05-09 15:09:23+00:00,2025-05-09 15:09:23+00:00
393,130,5,1,2631.12,0.00,2631.12,2023-09-19 21:48:02+00:00,2023-09-19 21:48:02+00:00
394,130,27,1,316.09,0.00,316.09,2023-09-19 21:48:02+00:00,2023-09-19 21:48:02+00:00
395,131,40,1,79021.6,0.00,79021.60,2024-01-22 22:21:07+00:00,2024-01-22 22:21:07+00:00
396,131,13,1,374.63,112.39,262.24,2024-01-22 22:21:07+00:00,2024-01-22 22:21:07+00:00
397,131,23,2,7684.11,0.00,15368.22,2024-01-22 22:21:07+00:00,2024-01-22 22:21:07+00:00
398,132,10,1,827.45,41.37,786.08,2025-12-14 22:35:38+00:00,2025-12-14 22:35:38+00:00
399,132,21,1,10465.2,0.00,10465.20,2025-12-14 22:35:38+00:00,2025-12-14 22:35:38+00:00
400,132,13,1,374.63,37.46,337.17,2025-12-14 22:35:38+00:00,2025-12-14 22:35:38+00:00
401,133,40,1,79021.6,0.00,79021.60,2024-08-23 13:40:53+00:00,2024-08-23 13:40:53+00:00
402,134,46,1,3177.35,317.74,2859.61,2025-12-03 11:24:48+00:00,2025-12-03 11:24:48+00:00
403,134,38,1,44297.4,11074.35,33223.05,2025-12-03 11:24:48+00:00,2025-12-03 11:24:48+00:00
404,134,28,2,267.7,53.54,481.86,2025-12-03 11:24:48+00:00,2025-12-03 11:24:48+00:00
405,134,43,3,31654.95,0.00,94964.85,2025-12-03 11:24:48+00:00,2025-12-03 11:24:48+00:00
406,135,35,1,34692.0,0.00,34692.00,2025-09-24 13:01:48+00:00,2025-09-24 13:01:48+00:00
407,135,48,1,1837.88,183.79,1654.09,2025-09-24 13:01:48+00:00,2025-09-24 13:01:48+00:00
408,135,42,1,29461.25,0.00,29461.25,2025-09-24 13:01:48+00:00,2025-09-24 13:01:48+00:00
409,136,16,3,928.58,278.57,2507.17,2025-06-23 21:31:23+00:00,2025-06-23 21:31:23+00:00
410,136,50,2,768.32,0.00,1536.64,2025-06-23 21:31:23+00:00,2025-06-23 21:31:23+00:00
411,136,10,1,827.45,82.75,744.70,2025-06-23 21:31:23+00:00,2025-06-23 21:31:23+00:00
412,137,18,1,1772.54,0.00,1772.54,2025-04-10 10:11:33+00:00,2025-04-10 10:11:33+00:00
413,138,6,1,3467.1,0.00,3467.10,2025-10-21 10:08:18+00:00,2025-10-21 10:08:18+00:00
414,138,45,1,43073.65,0.00,43073.65,2025-10-21 10:08:18+00:00,2025-10-21 10:08:18+00:00
415,138,39,1,52470.6,5247.06,47223.54,2025-10-21 10:08:18+00:00,2025-10-21 10:08:18+00:00
416,139,47,1,2609.25,391.39,2217.86,2025-11-01 08:12:29+00:00,2025-11-01 08:12:29+00:00
417,140,11,3,7694.82,3462.67,19621.79,2023-08-20 11:41:14+00:00,2023-08-20 11:41:14+00:00
418,140,25,1,841.46,168.29,673.17,2023-08-20 11:41:14+00:00,2023-08-20 11:41:14+00:00
419,140,1,1,39885.45,1994.27,37891.18,2023-08-20 11:41:14+00:00,2023-08-20 11:41:14+00:00
420,141,43,2,31654.95,9496.49,53813.41,2025-09-07 18:50:51+00:00,2025-09-07 18:50:51+00:00
421,141,21,1,10465.2,1569.78,8895.42,2025-09-07 18:50:51+00:00,2025-09-07 18:50:51+00:00
422,142,34,1,31195.85,0.00,31195.85,2024-10-14 10:34:35+00:00,2024-10-14 10:34:35+00:00
423,142,7,1,2643.9,264.39,2379.51,2024-10-14 10:34:35+00:00,2024-10-14 10:34:35+00:00
424,143,1,2,39885.45,0.00,79770.90,2025-07-19 15:39:49+00:00,2025-07-19 15:39:49+00:00
425,144,9,1,2673.22,267.32,2405.90,2025-12-10 14:22:06+00:00,2025-12-10 14:22:06+00:00
426,144,21,2,10465.2,3139.56,17790.84,2025-12-10 14:22:06+00:00,2025-12-10 14:22:06+00:00
427,145,14,1,612.29,61.23,551.06,2025-08-12 22:50:54+00:00,2025-08-12 22:50:54+00:00
428,146,36,1,15240.96,2286.14,12954.82,2025-10-17 12:05:16+00:00,2025-10-17 12:05:16+00:00
429,146,47,2,2609.25,260.93,4957.57,2025-10-17 12:05:16+00:00,2025-10-17 12:05:16+00:00
430,146,37,2,49584.75,4958.48,94211.02,2025-10-17 12:05:16+00:00,2025-10-17 12:05:16+00:00
431,146,21,2,10465.2,4186.08,16744.32,2025-10-17 12:05:16+00:00,2025-10-17 12:05:16+00:00
432,146,46,3,3177.35,953.21,8578.84,2025-10-17 12:05:16+00:00,2025-10-17 12:05:16+00:00
433,146,25,1,841.46,42.07,799.39,2025-10-17 12:05:16+00:00,2025-10-17 12:05:16+00:00
434,146,32,1,969.84,0.00,969.84,2025-10-17 12:05:16+00:00,2025-10-17 12:05:16+00:00
435,146,24,1,993.17,99.32,893.85,2025-10-17 12:05:16+00:00,2025-10-17 12:05:16+00:00
436,147,5,1,2631.12,263.11,2368.01,2025-06-10 22:05:23+00:00,2025-06-10 22:05:23+00:00
437,147,17,2,2379.1,237.91,4520.29,2025-06-10 22:05:23+00:00,2025-06-10 22:05:23+00:00
438,147,16,1,928.58,46.43,882.15,2025-06-10 22:05:23+00:00,2025-06-10 22:05:23+00:00
439,148,38,3,44297.4,6644.61,126247.59,2025-04-25 18:32:07+00:00,2025-04-25 18:32:07+00:00
440,148,16,1,928.58,46.43,882.15,2025-04-25 18:32:07+00:00,2025-04-25 18:32:07+00:00
441,148,33,1,77537.1,0.00,77537.10,2025-04-25 18:32:07+00:00,2025-04-25 18:32:07+00:00
442,148,17,1,2379.1,475.82,1903.28,2025-04-25 18:32:07+00:00,2025-04-25 18:32:07+00:00
443,148,29,3,30.96,0.00,92.88,2025-04-25 18:32:07+00:00,2025-04-25 18:32:07+00:00
444,149,37,3,49584.75,14875.43,133878.82,2025-12-10 09:14:22+00:00,2025-12-10 09:14:22+00:00
445,149,21,1,10465.2,523.26,9941.94,2025-12-10 09:14:22+00:00,2025-12-10 09:14:22+00:00
446,149,12,1,417.22,41.72,375.50,2025-12-10 09:14:22+00:00,2025-12-10 09:14:22+00:00
447,150,24,1,993.17,248.29,744.88,2025-12-27 18:36:14+00:00,2025-12-27 18:36:14+00:00
448,150,48,1,1837.88,183.79,1654.09,2025-12-27 18:36:14+00:00,2025-12-27 18:36:14+00:00
449,150,25,1,841.46,84.15,757.31,2025-12-27 18:36:14+00:00,2025-12-27 18:36:14+00:00
450,150,36,1,15240.96,762.05,14478.91,2025-12-27 18:36:14+00:00,2025-12-27 18:36:14+00:00
451,150,35,5,34692.0,26019.00,147441.00,2025-12-27 18:36:14+00:00,2025-12-27 18:36:14+00:00
452,150,14,3,612.29,0.00,1836.87,2025-12-27 18:36:14+00:00,2025-12-27 18:36:14+00:00
453,150,39,3,52470.6,0.00,157411.80,2025-12-27 18:36:14+00:00,2025-12-27 18:36:14+00:00
454,151,40,2,79021.6,31608.64,126434.56,2024-01-22 13:15:18+00:00,2024-01-22 13:15:18+00:00
455,151,49,1,2504.78,0.00,2504.78,2024-01-22 13:15:18+00:00,2024-01-22 13:15:18+00:00
456,151,27,2,316.09,63.22,568.96,2024-01-22 13:15:18+00:00,2024-01-22 13:15:18+00:00
457,152,23,3,7684.11,2305.23,20747.10,2025-05-31 18:54:08+00:00,2025-05-31 18:54:08+00:00
458,152,48,1,1837.88,459.47,1378.41,2025-05-31 18:54:08+00:00,2025-05-31 18:54:08+00:00
459,153,9,2,2673.22,0.00,5346.44,2025-10-24 10:39:13+00:00,2025-10-24 10:39:13+00:00
460,153,49,1,2504.78,250.48,2254.30,2025-10-24 10:39:13+00:00,2025-10-24 10:39:13+00:00
461,153,36,1,15240.96,4572.29,10668.67,2025-10-24 10:39:13+00:00,2025-10-24 10:39:13+00:00
462,154,31,1,6262.08,626.21,5635.87,2025-01-31 17:23:41+00:00,2025-01-31 17:23:41+00:00
463,154,4,1,2889.39,577.88,2311.51,2025-01-31 17:23:41+00:00,2025-01-31 17:23:41+00:00
464,155,25,1,841.46,42.07,799.39,2025-05-30 13:15:06+00:00,2025-05-30 13:15:06+00:00
465,155,48,3,1837.88,551.36,4962.28,2025-05-30 13:15:06+00:00,2025-05-30 13:15:06+00:00
466,155,49,1,2504.78,0.00,2504.78,2025-05-30 13:15:06+00:00,2025-05-30 13:15:06+00:00
467,155,38,2,44297.4,8859.48,79735.32,2025-05-30 13:15:06+00:00,2025-05-30 13:15:06+00:00
468,155,24,1,993.17,99.32,893.85,2025-05-30 13:15:06+00:00,2025-05-30 13:15:06+00:00
469,156,43,1,31654.95,0.00,31654.95,2025-09-27 18:27:23+00:00,2025-09-27 18:27:23+00:00
470,156,3,1,27848.38,1392.42,26455.96,2025-09-27 18:27:23+00:00,2025-09-27 18:27:23+00:00
471,157,5,2,2631.12,1315.56,3946.68,2025-06-12 13:40:39+00:00,2025-06-12 13:40:39+00:00
472,157,48,1,1837.88,275.68,1562.20,2025-06-12 13:40:39+00:00,2025-06-12 13:40:39+00:00
473,157,28,1,267.7,26.77,240.93,2025-06-12 13:40:39+00:00,2025-06-12 13:40:39+00:00
474,158,7,1,2643.9,0.00,2643.90,2025-12-29 10:34:23+00:00,2025-12-29 10:34:23+00:00
475,158,21,1,10465.2,1046.52,9418.68,2025-12-29 10:34:23+00:00,2025-12-29 10:34:23+00:00
476,158,30,2,2885.18,1154.07,4616.29,2025-12-29 10:34:23+00:00,2025-12-29 10:34:23+00:00
477,158,17,4,2379.1,951.64,8564.76,2025-12-29 10:34:23+00:00,2025-12-29 10:34:23+00:00
478,158,6,1,3467.1,346.71,3120.39,2025-12-29 10:34:23+00:00,2025-12-29 10:34:23+00:00
479,158,32,2,969.84,0.00,1939.68,2025-12-29 10:34:23+00:00,2025-12-29 10:34:23+00:00
480,159,46,1,3177.35,158.87,3018.48,2024-12-16 14:11:21+00:00,2024-12-16 14:11:21+00:00
481,159,35,3,34692.0,5203.80,98872.20,2024-12-16 14:11:21+00:00,2024-12-16 14:11:21+00:00
482,160,27,1,316.09,31.61,284.48,2025-06-24 18:19:24+00:00,2025-06-24 18:19:24+00:00
483,160,42,1,29461.25,4419.19,25042.06,2025-06-24 18:19:24+00:00,2025-06-24 18:19:24+00:00
484,161,42,1,29461.25,4419.19,25042.06,2025-08-26 09:03:26+00:00,2025-08-26 09:03:26+00:00
485,161,48,1,1837.88,0.00,1837.88,2025-08-26 09:03:26+00:00,2025-08-26 09:03:26+00:00
486,161,43,1,31654.95,6330.99,25323.96,2025-08-26 09:03:26+00:00,2025-08-26 09:03:26+00:00
487,162,10,1,827.45,0.00,827.45,2025-07-27 08:01:59+00:00,2025-07-27 08:01:59+00:00
488,162,16,1,928.58,46.43,882.15,2025-07-27 08:01:59+00:00,2025-07-27 08:01:59+00:00
489,162,37,2,49584.75,0.00,99169.50,2025-07-27 08:01:59+00:00,2025-07-27 08:01:59+00:00
490,163,43,1,31654.95,0.00,31654.95,2023-11-19 18:19:00+00:00,2023-11-19 18:19:00+00:00
491,163,5,3,2631.12,2368.01,5525.35,2023-11-19 18:19:00+00:00,2023-11-19 18:19:00+00:00
492,163,19,1,602.52,60.25,542.27,2023-11-19 18:19:00+00:00,2023-11-19 18:19:00+00:00
493,163,49,1,2504.78,500.96,2003.82,2023-11-19 18:19:00+00:00,2023-11-19 18:19:00+00:00
494,163,7,1,2643.9,0.00,2643.90,2023-11-19 18:19:00+00:00,2023-11-19 18:19:00+00:00
495,163,12,1,417.22,0.00,417.22,2023-11-19 18:19:00+00:00,2023-11-19 18:19:00+00:00
496,164,16,1,928.58,0.00,928.58,2025-10-27 10:15:06+00:00,2025-10-27 10:15:06+00:00
497,164,41,1,38729.35,0.00,38729.35,2025-10-27 10:15:06+00:00,2025-10-27 10:15:06+00:00
498,164,32,2,969.84,193.97,1745.71,2025-10-27 10:15:06+00:00,2025-10-27 10:15:06+00:00
499,165,32,5,969.84,484.92,4364.28,2025-12-31 11:06:44+00:00,2025-12-31 11:06:44+00:00
500,165,9,3,2673.22,0.00,8019.66,2025-12-31 11:06:44+00:00,2025-12-31 11:06:44+00:00
501,166,12,1,417.22,41.72,375.50,2025-10-07 11:50:50+00:00,2025-10-07 11:50:50+00:00
502,166,14,1,612.29,61.23,551.06,2025-10-07 11:50:50+00:00,2025-10-07 11:50:50+00:00
503,166,10,1,827.45,124.12,703.33,2025-10-07 11:50:50+00:00,2025-10-07 11:50:50+00:00
504,167,21,3,10465.2,4709.34,26686.26,2025-02-19 10:42:35+00:00,2025-02-19 10:42:35+00:00
505,167,1,3,39885.45,17948.45,101707.90,2025-02-19 10:42:35+00:00,2025-02-19 10:42:35+00:00
506,167,49,1,2504.78,125.24,2379.54,2025-02-19 10:42:35+00:00,2025-02-19 10:42:35+00:00
507,167,16,2,928.58,185.72,1671.44,2025-02-19 10:42:35+00:00,2025-02-19 10:42:35+00:00
508,167,14,3,612.29,183.69,1653.18,2025-02-19 10:42:35+00:00,2025-02-19 10:42:35+00:00
509,167,45,1,43073.65,2153.68,40919.97,2025-02-19 10:42:35+00:00,2025-02-19 10:42:35+00:00
510,168,33,1,77537.1,0.00,77537.10,2025-11-21 22:47:47+00:00,2025-11-21 22:47:47+00:00
511,169,28,1,267.7,0.00,267.70,2025-11-14 18:08:28+00:00,2025-11-14 18:08:28+00:00
512,169,3,2,27848.38,0.00,55696.76,2025-11-14 18:08:28+00:00,2025-11-14 18:08:28+00:00
513,169,41,1,38729.35,7745.87,30983.48,2025-11-14 18:08:28+00:00,2025-11-14 18:08:28+00:00
514,169,38,3,44297.4,0.00,132892.20,2025-11-14 18:08:28+00:00,2025-11-14 18:08:28+00:00
515,170,6,1,3467.1,1040.13,2426.97,2025-03-01 11:34:35+00:00,2025-03-01 11:34:35+00:00
516,170,17,1,2379.1,237.91,2141.19,2025-03-01 11:34:35+00:00,2025-03-01 11:34:35+00:00
517,170,23,1,7684.11,1152.62,6531.49,2025-03-01 11:34:35+00:00,2025-03-01 11:34:35+00:00
518,170,4,2,2889.39,288.94,5489.84,2025-03-01 11:34:35+00:00,2025-03-01 11:34:35+00:00
519,171,4,1,2889.39,0.00,2889.39,2025-12-28 09:37:48+00:00,2025-12-28 09:37:48+00:00
520,172,8,1,2222.39,111.12,2111.27,2025-06-04 09:17:30+00:00,2025-06-04 09:17:30+00:00
521,172,9,1,2673.22,267.32,2405.90,2025-06-04 09:17:30+00:00,2025-06-04 09:17:30+00:00
522,173,25,2,841.46,0.00,1682.92,2025-05-12 15:39:07+00:00,2025-05-12 15:39:07+00:00
523,173,9,2,2673.22,801.97,4544.47,2025-05-12 15:39:07+00:00,2025-05-12 15:39:07+00:00
524,174,6,1,3467.1,346.71,3120.39,2025-11-08 17:30:43+00:00,2025-11-08 17:30:43+00:00
525,174,3,4,27848.38,5569.68,105823.84,2025-11-08 17:30:43+00:00,2025-11-08 17:30:43+00:00
526,174,4,1,2889.39,433.41,2455.98,2025-11-08 17:30:43+00:00,2025-11-08 17:30:43+00:00
527,175,33,2,77537.1,0.00,155074.20,2025-12-26 17:13:17+00:00,2025-12-26 17:13:17+00:00
528,176,45,2,43073.65,4307.37,81839.93,2024-09-15 13:01:40+00:00,2024-09-15 13:01:40+00:00
529,176,28,2,267.7,0.00,535.40,2024-09-15 13:01:40+00:00,2024-09-15 13:01:40+00:00
530,176,50,1,768.32,38.42,729.90,2024-09-15 13:01:40+00:00,2024-09-15 13:01:40+00:00
531,177,18,1,1772.54,443.14,1329.40,2025-12-20 17:22:15+00:00,2025-12-20 17:22:15+00:00
532,177,36,2,15240.96,1524.10,28957.82,2025-12-20 17:22:15+00:00,2025-12-20 17:22:15+00:00
533,178,2,2,13121.92,1312.19,24931.65,2024-08-17 13:48:53+00:00,2024-08-17 13:48:53+00:00
534,178,13,1,374.63,93.66,280.97,2024-08-17 13:48:53+00:00,2024-08-17 13:48:53+00:00
535,178,38,1,44297.4,0.00,44297.40,2024-08-17 13:48:53+00:00,2024-08-17 13:48:53+00:00
536,179,20,2,484.34,96.87,871.81,2025-09-23 08:17:40+00:00,2025-09-23 08:17:40+00:00
537,179,49,1,2504.78,500.96,2003.82,2025-09-23 08:17:40+00:00,2025-09-23 08:17:40+00:00
538,179,41,1,38729.35,3872.94,34856.41,2025-09-23 08:17:40+00:00,2025-09-23 08:17:40+00:00
539,179,43,1,31654.95,4748.24,26906.71,2025-09-23 08:17:40+00:00,2025-09-23 08:17:40+00:00
540,180,11,3,7694.82,3462.67,19621.79,2025-02-02 15:38:06+00:00,2025-02-02 15:38:06+00:00
541,180,17,2,2379.1,713.73,4044.47,2025-02-02 15:38:06+00:00,2025-02-02 15:38:06+00:00
542,180,24,2,993.17,99.32,1887.02,2025-02-02 15:38:06+00:00,2025-02-02 15:38:06+00:00
543,181,25,1,841.46,210.37,631.09,2025-12-09 17:07:53+00:00,2025-12-09 17:07:53+00:00
544,181,32,1,969.84,0.00,969.84,2025-12-09 17:07:53+00:00,2025-12-09 17:07:53+00:00
545,181,8,2,2222.39,0.00,4444.78,2025-12-09 17:07:53+00:00,2025-12-09 17:07:53+00:00
546,182,26,1,398.07,0.00,398.07,2025-10-13 10:11:49+00:00,2025-10-13 10:11:49+00:00
547,182,20,3,484.34,581.21,871.81,2025-10-13 10:11:49+00:00,2025-10-13 10:11:49+00:00
548,183,6,1,3467.1,693.42,2773.68,2025-10-18 19:12:28+00:00,2025-10-18 19:12:28+00:00
549,184,9,1,2673.22,0.00,2673.22,2025-12-16 10:29:30+00:00,2025-12-16 10:29:30+00:00
550,184,5,1,2631.12,131.56,2499.56,2025-12-16 10:29:30+00:00,2025-12-16 10:29:30+00:00
551,184,39,1,52470.6,5247.06,47223.54,2025-12-16 10:29:30+00:00,2025-12-16 10:29:30+00:00
552,185,35,1,34692.0,6938.40,27753.60,2025-10-18 21:28:21+00:00,2025-10-18 21:28:21+00:00
553,185,15,1,282.45,14.12,268.33,2025-10-18 21:28:21+00:00,2025-10-18 21:28:21+00:00
554,186,31,1,6262.08,1878.62,4383.46,2025-11-08 22:10:50+00:00,2025-11-08 22:10:50+00:00
555,186,41,4,38729.35,46475.22,108442.18,2025-11-08 22:10:50+00:00,2025-11-08 22:10:50+00:00
556,186,3,3,27848.38,20886.29,62658.85,2025-11-08 22:10:50+00:00,2025-11-08 22:10:50+00:00
557,186,28,4,267.7,267.70,803.10,2025-11-08 22:10:50+00:00,2025-11-08 22:10:50+00:00
558,187,48,2,1837.88,551.36,3124.40,2025-08-07 14:55:24+00:00,2025-08-07 14:55:24+00:00
559,187,32,1,969.84,96.98,872.86,2025-08-07 14:55:24+00:00,2025-08-07 14:55:24+00:00
560,187,1,1,39885.45,5982.82,33902.63,2025-08-07 14:55:24+00:00,2025-08-07 14:55:24+00:00
561,187,7,4,2643.9,1586.34,8989.26,2025-08-07 14:55:24+00:00,2025-08-07 14:55:24+00:00
562,187,45,1,43073.65,8614.73,34458.92,2025-08-07 14:55:24+00:00,2025-08-07 14:55:24+00:00
563,187,27,1,316.09,0.00,316.09,2025-08-07 14:55:24+00:00,2025-08-07 14:55:24+00:00
564,187,13,1,374.63,37.46,337.17,2025-08-07 14:55:24+00:00,2025-08-07 14:55:24+00:00
565,188,27,2,316.09,252.87,379.31,2023-04-20 20:07:05+00:00,2023-04-20 20:07:05+00:00
566,188,8,1,2222.39,0.00,2222.39,2023-04-20 20:07:05+00:00,2023-04-20 20:07:05+00:00
567,188,21,5,10465.2,0.00,52326.00,2023-04-20 20:07:05+00:00,2023-04-20 20:07:05+00:00
568,189,43,4,31654.95,25323.96,101295.84,2024-03-22 11:52:25+00:00,2024-03-22 11:52:25+00:00
569,189,34,1,31195.85,7798.96,23396.89,2024-03-22 11:52:25+00:00,2024-03-22 11:52:25+00:00
570,190,25,1,841.46,42.07,799.39,2025-07-02 20:03:36+00:00,2025-07-02 20:03:36+00:00
571,190,30,2,2885.18,577.04,5193.32,2025-07-02 20:03:36+00:00,2025-07-02 20:03:36+00:00
572,190,16,2,928.58,371.43,1485.73,2025-07-02 20:03:36+00:00,2025-07-02 20:03:36+00:00
573,191,21,1,10465.2,0.00,10465.20,2025-11-29 15:10:49+00:00,2025-11-29 15:10:49+00:00
574,191,3,2,27848.38,0.00,55696.76,2025-11-29 15:10:49+00:00,2025-11-29 15:10:49+00:00
575,191,33,1,77537.1,11630.57,65906.53,2025-11-29 15:10:49+00:00,2025-11-29 15:10:49+00:00
576,191,13,1,374.63,0.00,374.63,2025-11-29 15:10:49+00:00,2025-11-29 15:10:49+00:00
577,192,18,1,1772.54,531.76,1240.78,2025-08-28 11:05:52+00:00,2025-08-28 11:05:52+00:00
578,192,37,1,49584.75,0.00,49584.75,2025-08-28 11:05:52+00:00,2025-08-28 11:05:52+00:00
579,192,25,1,841.46,210.37,631.09,2025-08-28 11:05:52+00:00,2025-08-28 11:05:52+00:00
580,193,2,2,13121.92,2624.38,23619.46,2024-04-04 10:57:07+00:00,2024-04-04 10:57:07+00:00
581,193,8,1,2222.39,666.72,1555.67,2024-04-04 10:57:07+00:00,2024-04-04 10:57:07+00:00
582,193,28,2,267.7,0.00,535.40,2024-04-04 10:57:07+00:00,2024-04-04 10:57:07+00:00
583,194,38,1,44297.4,0.00,44297.40,2023-05-16 09:35:15+00:00,2023-05-16 09:35:15+00:00
584,194,5,1,2631.12,131.56,2499.56,2023-05-16 09:35:15+00:00,2023-05-16 09:35:15+00:00
585,195,5,1,2631.12,0.00,2631.12,2024-11-09 08:11:35+00:00,2024-11-09 08:11:35+00:00
586,196,11,3,7694.82,1154.22,21930.24,2025-03-28 18:07:30+00:00,2025-03-28 18:07:30+00:00
587,196,46,1,3177.35,476.60,2700.75,2025-03-28 18:07:30+00:00,2025-03-28 18:07:30+00:00
588,196,12,1,417.22,41.72,375.50,2025-03-28 18:07:30+00:00,2025-03-28 18:07:30+00:00
589,196,4,1,2889.39,433.41,2455.98,2025-03-28 18:07:30+00:00,2025-03-28 18:07:30+00:00
590,196,18,1,1772.54,0.00,1772.54,2025-03-28 18:07:30+00:00,2025-03-28 18:07:30+00:00
591,196,49,1,2504.78,0.00,2504.78,2025-03-28 18:07:30+00:00,2025-03-28 18:07:30+00:00
592,196,29,1,30.96,3.10,27.86,2025-03-28 18:07:30+00:00,2025-03-28 18:07:30+00:00
593,197,3,1,27848.38,0.00,27848.38,2025-12-30 18:00:19+00:00,2025-12-30 18:00:19+00:00
594,198,23,1,7684.11,1152.62,6531.49,2024-06-03 11:35:25+00:00,2024-06-03 11:35:25+00:00
595,198,3,2,27848.38,0.00,55696.76,2024-06-03 11:35:25+00:00,2024-06-03 11:35:25+00:00
596,199,28,1,267.7,0.00,267.70,2025-12-28 16:31:09+00:00,2025-12-28 16:31:09+00:00
597,199,7,1,2643.9,264.39,2379.51,2025-12-28 16:31:09+00:00,2025-12-28 16:31:09+00:00
598,199,49,1,2504.78,500.96,2003.82,2025-12-28 16:31:09+00:00,2025-12-28 16:31:09+00:00
599,200,46,2,3177.35,635.47,5719.23,2024-11-18 11:40:27+00:00,2024-11-18 11:40:27+00:00
600,200,28,1,267.7,53.54,214.16,2024-11-18 11:40:27+00:00,2024-11-18 11:40:27+00:00
